{"cameraMode":{"drawMode":0,"name":"Shaded","section":"Shading Mode"},"sceneLighting":true,"audioPlay":false,"sceneViewState":{"showFog":true,"showMaterialUpdate":false,"showSkybox":true,"showFlares":true,"showImageEffects":true,"showParticleSystems":true},"in2DMode":false,"pivot":{"x":25.454715728759767,"y":-19.682037353515626,"z":0.5028948783874512},"rotation":{"x":0.692754328250885,"y":0.0032422607764601709,"z":-0.0031141340732574465,"w":0.7211596965789795},"size":62.76136779785156,"orthographic":false}